Beer,Rating
14th Star B-72,3.73
14th Star Follow Me IPA,3.9
14th Star Tribute,3.61
18th Street Devil's Cup,3.48
18th Street Pins and Needles,4.24
18th Street Rise of the Angels DIPA,3.38
18th Street Under Crown,4.14
1911 Original Hard Cider,3.6
21 Amendment Brew Free! or Die IPA (Blood Orange),3.8
21 Amendment Variety IPA Pack,3.47
21st Amendment Back in Black,3.64
21st Amendment Bitter American,3.56
21st Amendment Brew Free! or Die IPA,3.85
21st Amendment Down to Earth,3.41
21st Amendment Hell or High Watermelon,3.51
21st Amendment Lower De Boom,3.59
21st Amendment Monk's Blood,4.03
21st Amendment Sneak Attack,3.61
21st Amendment Variety Pack,3.69
3 Fonteinen Oude Geuze,3.67
3 Stars Low Hanging Fruit: Cherry & Lime,3.13
3 Stars Pounding Trees,3.58
3 Stars Southern Belle,3.81
A Little Sumpin' Wild,3.7
Abandoned Hard Cider Classic,3.95
Abbey De Leffe Blonde,3.56
Abita Andygator,4.28
Abita Grapefruit Harvest IPA,3.57
Abita Purple Haze,3.35
Abita Turbodog,3.58
Abomination Brewing Bro Beer,3.54
Abomination Brewing Hop Roulette,4.24
Abomination Brewing Hop Thing,4.25
Abomination Brewing Social Distancing,3.44
Abomination Bro Beer,3.94
Abomination Wandering In The Fog Sabro,3.61
Abomination Wandering In The Fog Vic Secret,3.99
Ace Apple Cider,3.5
Ace Joker Apple Cider,3.51
Ace Perry Pear Hard Cider,3.42
Ace Pineapple Cider,3.65
Ace Space Blood Orange Cider,4
Aecht Schlenkerla Fastenbier,3.77
Aecht Schlenkerla Helles Lagerbier,3.36
Aecht Schlenkerla Lentbeer,3.56
Aecht Schlenkerla Lentbeer Unfiltered Smokebeer,3.37
Aecht Schlenkerla Oak Smoke,3.87
Aecht Schlenkerla Rauchbier M√§rzen,3.54
Aecht Schlenkerla Rauchbier M‰rzen,4.36
Aecht Schlenkerla Rauchbier Urbock,3.5
Against the Grain Citra Ass Down,3.6
Against the Grain Pile of Face,4.35
Against the Grain Pretty Willie's Imperial Stout,4.4
Against the Grain Sexy Saxon,3.61
Against the Grain Your Beer,3.9
Against the Grain/Mikkeller Bloody Show,4.38
Againt The Grain Something Special,3.84
Alchemist - Focal Banger,3.96
Alchemist Heady Topper,3.7
AleSmith Anvil ESB,3.92
AleSmith IPA,3.96
Alewife All Together,3.73
Alewife Chaos Gose,3.85
Alewife Death to Ego IPA,3.6
Alewife Distraction,3.83
Alewife Electric Rhino,3.7
Alewife Frau Holle,3.36
Alewife Lupulin Vibrations: Azacca,3.71
Alewife Lupulin Vibrations: Idaho 7,4.1
Alewife Meadow Maker,3.37
Alewife Metanoia,3.8
Alewife Self Decapitation,3.59
Alewife Social Conditioning,3.77
Alewife Thousand Stars,3.86
All Together Collab (hosted by The Other Half),4.1
Allagash Barrel & Bean,4.38
Allagash Barrel and Bean,3.59
Allagash Black,3.89
Allagash Coolship Peche,4.21
Allagash Crosspath,3.73
Allagash Curieux,4.08
Allagash Darling Ruby,4.15
Allagash Dubbel,3.67
Allagash Farm to Face,3.5
Allagash I Believe In Love,3.7
Allagash Map 40,3.52
Allagash Map 40 Stout,3.81
Allagash Nowaday,4.03
Allagash Pick Your Own,3.91
Allagash River Trip,3.4
Allagash Saison,3.86
Allagash Sixteen Counties Ale,3.8
Allagash Tripel,3.77
Allagash White,3.9
Alltech Bourbon Barrel Ale,3.82
Alltech Kentucky Bourbon Barrel Coffee Stout,3.8
Almanac Loud!,3.37
Almanac LOVE Hazy,4.03
Almanac Vibes Pilsner,3.73
Almond 22 Pink IPA,3.81
Alphabet City Alpha Male IPA,4.02
Alphabet City Easy Blonde,3.42
American Solera + Evil Twin Farmtruck,4
American Solera DJ Mixculture: The Hits,4.2
American Solera Foederville,4.2
American Solera Lí Internationale,3.39
American Solera Oak Dreams,3.2
American Solera Terpy Citra,3.43
American Solera Woof,3.8
Amstel Light,3.61
Anchor Brewer's Pale Ale,3.5
Anchor Liberty Ale,3.94
Anchor Steam Beer,3.83
Anchor Steam Brewers Pale Ale,3.62
Anchor Steam California Lager,4.06
Anchor Steam Fog Breaker,3.38
Anchor Steam Fog Breaker IPA,3.82
Anchor Steam Liberty Ale,3.35
Andechs Doppelbock Dunkel,4.31
Anderson Valley Blood Orange Gose,4.08
Anderson Valley Briney Melon,3.78
Anderson Valley Holygose,3.5
Anderson Valley Seasonal Gose,3.4
Anderson Valley Summer Solstice,3.7
"Anderson Valley The Kimmie, The Yink and The Holy Gose",3.55
Anderson Valley Winter Solstice,3.61
Angry Orchard Crisp Apple,3.87
Angry Orchard Green Apple,4.13
Angry Orchard Ros√©,3.7
Anxo Cidery Hereford Gold,3.77
Anxo Happy Tree Dry Cider,3.51
Anyday Rose,3.45
Applewood Naked Flock Pumpkin Cider,3.4
Arcadia London Porter,3.57
Arcadia Sky High Rye,3.67
Archer Roose Sauv Blanc,3.65
Archer Roose Spritz,4.1
Arctic Panzer Wolf,4.17
Arctic Summer Raspberry Lime,3.46
Arctic Summer Variety 12 Pack,4
Arrowood Farms Porch Beer,3.7
Aslin A Small Town in Ontario,3.52
Aslin Beer Bringing Sexy Back,4.07
Aslin Beer Co. Dad Jokes,4.3
Aslin Beer Co. Soaking The Dishes,3.59
Aslin Don't Dial In And Focus,3.46
Aslin One Star,3.44
Aslin The Implication DIPA,3.7
Aslin VelociRabbit,3.54
Athletic Brewing All Out Stout,3.76
Athletic Brewing Company Run Wild Non Alcoholic Ipa,3.62
Athletic Brewing Run Wild,3.34
Athletic Brewing Run Wild IPA,3.94
Athletic Brewing Upside Down Golden Ale,3.84
Athletic Upside Dawn,3.66
Au Baron / Jester King Noblesse Oblige,3.48
Austin East Watermelon Cider,3.53
Austin Eastciders Blood Orange Cider,3.8
Austin Eastciders Original Dry Cider,4.1
Austin Eastciders Pineapple Cider,3.49
Austin Eastciders Ruby Red Grapefruit Cider,3.98
Austin Eastciders Sangria Cider,3.72
Austin Eastciders Texas Honey Cider,3.45
Austin Eastciders Watermelon Cider,3.35
Aval Cidre Artisanal,3.6
Avery Anniversary Twenty Four,3.38
Avery El Gose,3.49
Avery Ginger Sour,3.98
Avery Liliko'i Kepolo,4.03
Avery Mephistopheles,3.35
Avery Raspberry Sour,4.31
Avery Raspberry Truffale,3.81
Avery Rumpkin,3.6
Avery The Beast Grand Cru Ale,3.94
Avery Tweak Barrel-Aged Imperial Stout with Coffee,3.72
Avery Tweak Barrel-Aged Imperial Stout with Coffee 2017,4.35
Avery Tweak Bourbon Barrel,4.36
Avery Uncle Jacob's Stout,3.76
Ayinger Bavarian Pilsner,3.34
Ayinger Br√§uweisse,4.13
Ayinger Br‰uweisse,4.18
Ayinger Celebrator Doppelbock,4.19
B. Nektar Believe American Gods,3.48
B. Nektar Core Crusher,3.6
Back Bay Farmhouse Bonfire,3.21
Ball Rose Organic Dry Cider,3.82
Ballast Point Grapefruit Sculpin,3.54
Ballast Point Sculpin IPA,4.26
Banded Charms and Hexes,3.36
Barrier & Incendiary Front Toward Pilsner,4.01
Barrier | Money,3.87
Barrier Atypical IPA,4.1
Barrier Bird's Eye View,3.52
Barrier Classic,4.2
Barrier Classic White Ale,3.45
Barrier Floral Friday,3.57
Barrier Greenroom Pale Ale,4.2
Barrier Hoplantic,3.93
Barrier Icculus K√∂lsch,3.54
Barrier Kickin' Knowledge IPA,4
Barrier Kickin' Knowledge Milkshake IPA,3.5
Barrier Kickin' Knowledge: Orange Peach Mango,3.33
Barrier Lomax,3.65
Barrier Money IPA,3.59
Barrier Non-Cents Session IPA,3.4
Barrier Our Sour : Bois & Berries,4.02
Barrier RipRap Baltic Porter,4.3
Barrier Tanto IPA,3.56
Barrier/Bierwax Dont Nothing Move But The Money,3.82
Barrier/Interboro Money Mad Fat!,4.07
Barrier/Rishi O-Ren Rishi,4.28
Bass Ale,3.39
Beak & Skiff 1911 Hard Cider,3.65
Bear Republic Racer 5 IPA,3.62
Bearded Iris Homestyle,3.49
Beck‚Äôs Beer,3.59
Becks,3.98
Beck's Non Alcoholic,4.08
Belhaven Black Scottish Stout Nitro,3.88
Bell's Amber Ale,4.09
Bell's Black Note Stout,3.57
Bell's Blackbeard's Bear Hug (2019),3.36
Bells Bright White Ale,3.67
Bell's Hopslam 2019,3.73
Bell's Hopslam 2020,3.63
Bell's Kalamazoo Stout,3.37
Bell's Larry's Latest Flamingo Fruit Fight,3.94
Bell's Light Hearted Ale,4.21
Bell's Midwestern Pale Ale,4.14
Bell's Oarsman Ale,3.42
Bell's Oberon,4.01
Bell's Overland Stout,4.15
Bell's Pooltime,3.77
Bell's Two Hearted,3.84
Bellwoods Barn Owl Blend No. 16,4.1
Bellwoods Donkey Venom,3.42
Bellwoods Grandma‚Äôs Boy (2018),3.8
Better Wine Co Nitro Rose Spritzer,4.11
Better Wine Co Red Wine Spritzer,3.61
Big Alice As Cool As You Please,3.55
Big Alice Off the Cuff,3.92
Big Alice Queensbridge,3.4
Big aLICe Queensbridge DDH,3.65
Big Alice World of Tomorrow,3.63
Birra Antoniana Altinate,3.46
Birra Moretti,3.5
Birra Moretti Premium Lager,3.4
Bissel Brothers Lux,3.3
Bissell Brothers Here's To Feeling Good All The Time,3.4
Bissell Brothers Reciprocal,3.6
Bissell Brothers The Substance,4.08
Bitburger Pilsner,3.81
Bitburger/Sierra Nevada Triple Hop'd Lager,3.91
Black Narrows How Bout It,3.12
Blackberry Farm Classic Saison,3.88
Blank Brewing The One That Just Kicked,4.38
Blenderie Ommegang Super Kriek,3.76
Blue Moon Belgian Style Wheat,3.5
Blue Moon Short Straw,3.9
"Blue Point ""The IPA""",3.6
Blue Point Blueberry Ale,3.97
Blue Point Citrus Plunge,3.7
Blue Point Hazy Bastard,3.56
Blue Point Hazy Bastard: Variant #006,3.83
Blue Point Hoptical Illusion,3.66
Blue Point Mosaic Session IPA,3.68
Blue Point The Shore Thing,3.94
Blue Point Toasted Lager,3.6
Blue Point Una Fria,3.41
Bockor Cuvee des Jacobins Rouge,4.36
Bockor Kriek Des Jacobins,3.83
BON & VIV Lemon Lime,3.67
BON & VIV Spiked Seltzer Black Cherry Rosemary,3.7
Bon & Viv Spiked Seltzer Blends Variety Pack,3.64
BON & VIV Spiked Seltzer Cranberry,3.41
BON & VIV Spiked Seltzer Grapefruit ( 6 pk ),3.72
BON & VIV Spiked Seltzer Variety 12 Pack,3.91
Boon Oude Geuze,4.02
Boon Oude Geuze Mariage Parfait,4.29
Bosteels Pauwel Kwak,4.17
Boulevard 30th Anniversary Barrel Aged Blend,3.6
Boulevard Dark Truth Stout,3.53
Boulevard Rye on Rye,4.01
Boulevard Tank 7,4.19
Boulevard The Calling,3.53
Boulevard The Sixth Glass,3.36
Boulevard Unfiltered Wheat,4.28
Boulevard/Modern Times Restless Nights,3.9
Brasserie De Saint-Sylvestre 3 Monts,3.55
Brasserie Dupont Saison Dupont Saison,3.48
Braven Bushwick Pilsner,3.46
Braven IPA,3.51
Braven White IPA,3.85
Breckenridge Agave Wheat,4.41
Breckenridge Vanilla Porter,3.34
Breckenridge Vanilla Porter Nitro,3.47
Brekeriet Picnic Sunrise,3.79
BrewDog Elvis Juice,4.07
BrewDog Hazy Jane,3.59
BrewDog Jet Black Heart Nitro,3.37
BrewDog Punk IPA,3.96
Brix City Grateful Jams,3.43
Brix City Island Jams,4.19
Broken Bow Bearded Skull,4.07
Broken Bow Broken Auger Lager,3.72
Broken Bow IPA : Mosaic,3.38
Broken Bow Prime Now,4.41
Broken Bow Space Brut,3.66
Broken Bow The Barones ‚ÄúBaron Von Black‚Äù,3.33
"Broken Bow The Barones: ""El Ay Si‚Äù",4.14
Broken Bow The Barones: ‚ÄúHellgate Original‚Äù,3.87
Broken Bow The Baroness ‚ÄúWhiteWash #5‚Äù,3.51
Bronx Brewery American Pale Ale,3.43
Bronx Brewery Boom Boom IPA,3.57
Bronx B-Side Series: Backyard Freestyle IPA,4.26
Bronx No Resolutions IPA,3.87
Bronx Now Youse Can't Leave,3.5
Bronx Pale Ale,3.68
Bronx Slow Your Roll,3.37
Bronx Summer Pale Ale,3.26
Bronx Well-Earned,3.7
Bronx World Gone Ros√©,4
Brooklyn Bel Air Sour Ale,3.59
Brooklyn Black Chocolate Stout,3.68
Brooklyn Cider Kinda Dry,3.33
Brooklyn Defender 2019,3.46
Brooklyn East India Pale Ale,4
Brooklyn Lager,3.8
Brooklyn Local 1,3.9
Brooklyn Pilsner,4.02
Brooklyn Sorachi Ace,3.83
Brooklyn Summer Ale,3.57
Brouwerij Bosteels Tripel Karmaliet,4.01
Bruery Mash 2015,3.5
Bruery Sour In The Rye,3.42
Bruery Tart of Darkness,3.41
Bruery Terreux/Jester King Bouffon,3.4
Bruery White Chocolate,3.6
Bud Light,2.34
Bud Light Lime,3.55
Bud Light Lime Mang-O-Rita,3.51
Bud Light Pine Apple Rita Splash,3.54
Bud Light Platinum,3.64
Bud Light Seltzer Variety Pack,2.34
Budweiser,3.7
Bunker Machine,3.58
Burial Blade and Sheath,3.83
Burial Hawkbill,3.54
Burial Skillet Donut Stout,3.54
Burial Surf Wax,4.15
Burley Oak/Evil Twin Cherry Cola Float JREAM,3.86
Burlington Beer Elaborate Metaphor,3.96
Burlington Beer Orbital Elevator,4.4
Cambridge Remain In Light,4.2
Captain Lawrence 6th Borough,3.65
Captain Lawrence Citra Dreams,4.21
Captain Lawrence Freshchester,3.82
Captain Lawrence Hop Commander,3.9
Captain Lawrence Hops N' Roses,4
Captain Lawrence Liquid Gold,4
Carakale Red Sea-rious,3.53
Carakale/AZ Wilderness Dead Sea-rious,3.83
Carlow O'Hara's Irish Red,3.92
Carlsberg,3.54
Carton Monkey Chased The Weasel,3.45
Carton Nitro Light & Sweet,3.81
Carton of Milk Stout Nitro,4.29
Carton The Hook,4.38
Carton The Wit Whale,4
Cascade Apricot 2017,3.69
Cascade Brewing Bean To Barrel,3.22
Cascade/Bruery Terreux One Way or Another,3.41
Catskill Ball Lightning Pilsner,3.57
Catskill Brewing Cemetery Pool,3.54
Catskill Darbee's Irresistible Pale Ale,3.46
Catskill Devil's Path IPA,3.7
Catskill Pale Ale With Idaho 7,3.58
Central Waters Bourbon Barrel Cherry Stout,3.44
Central Waters Bourbon Barrel Stout,3.73
Central Waters Brewer's Reserve Bourbon Barrel Scotch Ale,3.58
Central Waters Brewer's Reserve Call Me Old Fashioned,3.52
Central Waters Mud Puppy Porter,3.97
Central Waters Satin Solitude Imperial Stout,3.8
Charles Towne Fermentory Ralf,3.55
Charles Towne Telstar Vii,3.69
Chimay Cinq Cents (White),3.37
Chimay Dor√©e,3.47
Chimay Grand Reserve,3.38
Chimay Peres Trappistes Ale Blue,3.78
Chimay Premiere (Red),3.39
Cider Creek Hard Cider,4.1
Ciderboys Grand Mimosa,3.78
Cidre de Normandie Ferme de Romilly Brut,3.9
Cigar City After Sesh,3.78
Cigar City Florida Cracker Belgian Wheat,3.72
Cigar City Invasion,4.26
Cigar City Jai Alai,3.73
Cigar City Maduro Brown Ale,3.87
Cigar City Wedge Cut,4.36
Cigar Florida Cracker White,4.41
Cisco Grey Lady,3.69
Cisco Whale's Tale,4.09
Citizen Cider bRose,3.29
Citizen Cider For Shore,3.59
Citizen Cider The AmeriCran,3.59
Citizen Cider The Dirty Mayor,3.4
Citizen The Lake Hopper,3.76
Citizen Tulsi Cider,3.42
Citizen Tulsi Cider w/ Basil,3.8
Citizen Unified Press,3.59
Citizen Wit's Up,3.43
Citizens Fruition,3.63
Civil Society Fresh,3.84
Civil Society Pulp,4.14
Clausthaler Premium Non-Alcoholic,4.22
Clown Shoes Zen Garden,4.13
Collective Arts Bourbon Barrel Aged Imperial Porter,3.94
Collective Arts Guava Gose,3.72
Collective Arts Jam Up The Mash,3.58
Collective Arts Life in the Clouds,3.42
Collective Arts Ransack The Universe,4.34
Collective Arts Stranger than Fiction Porter,4.09
Common Roots Snowy Night,3.98
Commonwealth Afterglow,3.4
Coney Island Beach Beer,3.89
Coney Island Hard Root Beer,4.4
Coney Island Mermaid Pilsner,3.46
Coney Island Merman IPA,4.09
Confliction,3.91
Cooper's Pale,3.36
Coors Light,1.99
Corona,3.54
Corona Extra,3.5
Corona Light,3.07
Corsendonk Agnus Tripel,4.06
Corsendonk Pater Dubbel,4
Crabbie's Alcoholic Ginger Beer,3.95
Crabbie's Alcoholic Raspberry Ginger Beer,3.34
Crabbies Spiced Orange Ginger,3.48
Crispin Original,2.81
Crooked Crab Chuck-Brown,3.76
Crooked Crab Furious George,3.12
Crooked Crab Haze for Days,3.67
Crooked Crab Nitro Stache,3.25
Crooked Stave Blueberry Origins,3.59
Crooked Stave Nightmare on Brett Sour Cherry,3.53
Crooked Stave Petite Sour Peach,3.56
Crooked Stave Petite Sour Ros√©,4.01
Crooked Stave Salvador Cybies,3.9
Crooked Stave Sour Ros√©,3.68
Dark Horse Toonilla,3.73
Datura Damm Barcelona,4.02
Dc Brau A Touch Of Grey,3.59
DC Brau Brau Pils,3.35
"DC Brau Full Transparency Hard Seltzer Passionfruit, Orange, and Guava",3.24
DC Brau Joint Resolution,3.39
DC Brau On The Wings Of Armageddon,3.13
DC Brau Pils,3.15
DC Brau The Public,4.43
De Dolle Stille Nacht,3.81
De Troch Winter Gueuze,3.77
Deciduous Flash,3.54
Deciduous Great Wide Open,3.41
Deciduous Playing In The Shadows 7.0,3.86
Deciduous Research 16.0,3.45
Delirium Noel 2018,4.09
Delirium Tremens,3.59
Departed Soles GoodbIPA: Four My Homie,3.43
Departed Soles Hudson Pride,3.84
DESTIHL Dosvidanya Bourbon Barrel (2018),3.59
DESTIHL Wild Sour Series: Pi√±a Colada Gose,3.94
Devils Backbone Capit Ale,3.55
Devils Backbone Vienna Lager,3.17
Diamondback Zlaty,4.32
Dieu du Ciel Grande Noirceur,3.93
District 96 Photo Op,3.51
Doc‚Äôs Draft Hard Apple Cider,4.15
Dogfish Head 120 Minute IPA,3.9
Dogfish Head 60 Minute,3.6
Dogfish Head 90 Minute,3.54
Dogfish Head Burton Baton,3.46
Dogfish Head Festina Peche 2018,3.92
Dogfish Head Midas Touch,3.36
Dogfish Head Namaste,3.65
Dogfish Head SeaQuench Ale,3.86
Downeast Aloha Cider,4.09
Downeast Cider Original,3.28
Downeast Orignal Blend,3.34
Downeast Winter Blend,4.25
Duchesse de Bourgogne,4.03
Duclaw Pineapple Queen,3.6
Duclaw Sweet Baby Jesus!,3.47
Dugges Cola,3.86
Dutchess Ales Mizmaze Ale,4.01
Duvel,3.73
Eastern Shore St. Michaels Ale,4.14
Edmund's Oast Cereal for Dinner,3.21
Edmunds Oast Pales In Comparison,3.57
Edmund's Oast Sour Mango Strawberry,3.5
Einstˆk Icelandic Toasted Porter,4.2
Elder Pine Pilsner,3.66
Elysian Space Dust,4.41
Equilibrium C,3.91
Equilibrium Mmm... Osa,4.03
Equilibrium Riwakaroo,4.2
Equilibrium Vulgar Display of Flower,4.14
Erdinger Non Alcoholic,2.99
Espresso Oak Aged Yeti Imperial Stout,3.72
Evil Twin Bozo Beer,4.26
Evil Twin Don No,4.01
Evil Twin Even More Coco Jesus,4.23
Evil Twin Even More Jesus,4.4
Evil Twin Even More Pecan Pie Jesus,4.16
Evil Twin Falco,4.35
Evil Twin Fire Water,3.71
Evil Twin Grand Cru,3.58
EVIL TWIN GRAND CRU CUVEE,4.06
Evil Twin Imperial Biscotti Break,4.28
Evil Twin Imperial Doughnut Break,3.37
Evil Twin Imperial Wedding Cake Break,3.84
Evil Twin Irish-ish Coffee Stout,4.08
Evil Twin Molotov Cocktail,4.2
Evil Twin No Hero,3.58
Evil Twin Nyc Chocolate Hazelnut Marshmallow Spread,4.2
Evil Twin Some People Are Immune To Good Banana Stout,3.65
Evil Twin The Porthole,3.94
Fair W Inds Apricot/Mango/Key Lime Tart Ale,3.62
Fair Winds Ironmaster IPA,4.18
Fair Winds Pohick Bay Pilsner,3.45
Fiddlehead IPA,4.07
Fiddlehead Second Fiddle,3.8
Fifth Hammer Bridging The Gap,3.97
Fifth Hammer Foederbrau,3.29
Fifth Hammer Functional Modern,3.75
Fifth Hammer Palate Pigment: Blackberry Lime,3.64
"Fifth Hammer Sonic Architecture, Wave 6",3.68
Fifth Hammer Sourvision: Peach & Berry,3.58
Fifth Hammer Time Slipper,3.76
Finback Among The Bandits,4.1
Finback Bird God,4.44
Finback Brewery Breach The Surface,4.4
Finback Cat Hand,3.57
Finback Days Uncounted,3.56
Finback Dimensional Transort,3.36
Finback Double Sess Witbier,3.68
Finback Double Someething Sabro,3.93
Finback Double Something Sabro,4
Finback Go Beyond,4.2
Finback Good Night Dark Sky,4
Finback IPA,4.3
Finback Meridian IPA,4.03
Finback Micro Plastics,3.33
Finback Oscillation,4.2
Finback Perpetual,3.69
Finback Rolling In Clouds,4.1
Finback Social Fabric,4.1
Finback Social Fabric Can,4.3
Finback Ultimate Beats,3.97
Finch's Fascist Pig Ale,3.8
Firestone Walker Cocoanut Parabola,4.17
Firestone Walker DBA,3.7
Firestone Walker Easy Jack,3.92
Five Boroughs Gridlock Hazy IPA,4
Five Boroughs Hoppy Lager,3.37
Five Boroughs Tiny Juicy IPA,3.9
Flora Ros√© Wine Spritzer,3.72
Flying Dog Double Dog Double IPA,3.48
Flying Dog Gonzo Imperial Porter,4.06
Flying Dog Horn Dog Barley Wine,3.84
Flying Dog Numero Uno,4.3
Flying Dog Raging Bitch Belgian Style IPA,3.8
Flying Monkeys The Chocolate Manifesto,3.75
Foam Together Or Alone,3.71
Foley Brothers Pieces of Eight,4.08
Folksbier Old Bavarian Lager,3.9
Folksbier Pilsner,3.77
Folksbier Recurring Dreams #36,3.47
Fonta Flora Darwin's Forehead,3.44
Forst Premium,3.85
Founders All Day IPA,3.64
Founders Backwoods Bastard,3.63
Founders Backwoods Bastard 2017,3.46
Founders Breakfast Stout,3.89
Founders CBS 2019,3.68
Founders Devil Dancer,3.94
Founders Dirty Bastard,3.8
Founders KBS (2019),4.32
Founders Kentucky Breakfast Stout 2020,3.9
Founders Porter,3.56
Founders Red's Rye IPA,3.7
Founders Rubaeus,3.54
Founders Solid Gold,3.63
Freigeist Abraxxxas,3.58
Frost Double Shush,3.85
Fuller's ESB,3.61
Fuller's London Pride,3.59
Gaffel Kolsch,3.66
Garvies Point Glen Clover,4.14
Gay Beer Golden Lager,4.1
Genesee Cream Ale,3.58
Genesee Lager,3.47
Gigantic IPA,3.55
Gisberga Trigo,4.07
Glutenberg Blonde,3.08
Glutenberg India Pale Ale,3.54
Go To IPA,3.7
Golden Coast Mead Speakeasy,3.35
Golden Coast Savage Bois,3.77
Goose Island Bourbon County Brand Wheatwine 2019,3.85
Goose Island Bourbon County Cafe De Olla Stout 2019,3.51
Goose Island Matilda,3.79
Goose Island Next Coast IPA,4.01
Gouden Carolus Classic,4.29
Gouden Carolus Grand Cru,3.88
Graft Birds Of Paradise,3.9
Great Divide Whitewater Wheat Ale,3.7
Great South Bay Blood Orange Pale Ale,3.43
Green Flash Imperial IPA,3.75
Greenpoint Beer & Ale Constant Reassurance,3.82
Greenpoint Descending Squares,3.57
Greenpoint Please Stand By,3.46
Greenpoint Turbulence,3.61
Green's Discovery Amber,4.19
Green's Enterprise,3.22
Grimm Boysen Rebus,3.92
Grimm Butterfly Door,4.24
Grimm Castling,4.11
Grimm Color Field,4.03
Grimm Evening Sunrise,4.06
Grimm Fluffy Tufts,4.34
Grimm I Still Love The Old World,4.34
Grimm Lambo Door,4.38
Grimm Magnetic Cloud,4.32
Grimm Maximum Delight,4.38
Grimm Maximum Happiness,4.2
Grimm Maypole,3.71
Grimm Mimsy,3.81
Grimm Moon Dreams,4.39
Grimm Phantom Power,3.97
Grimm Pi√±a Pop!,3.93
Grimm Prose Poem,4.38
Grimm Psychic Life Coach,4.3
Grimm Rainbow Dome,4.24
Grimm Reverbaration (sic),3.86
Grimm Tetraplex,4.26
Grimm Tra La La,3.74
Grimm Utopos,3.97
Grimm Vacay,4.01
Grimm/Kane Waffling,3.55
Grolsch,3.6
Gueuzerie Tilquin Stout Rullquin,3.18
Guinness,3.59
Guinness Draught,3.59
Guinness Draught Nitro,3.94
Guinness Extra Stout,3.59
Guinness Foreign Extra Stout,3.57
Guinness Over The Moon,3.04
Gun Hill Cash and Carry,3.65
Gun Hill Maple Bacon Void of Light,4.1
Gun Hill Mosaic Soft Serve,3.98
Gun Hill Redcoat Resistance,4.12
Gun Hill Rise Up Rye,3.68
Gun Hill Rum Barrel Aged Fort Ticonderoga,3.59
Gun Hill/Non Sequitur Mean Mean Bean,3.27
Gun Hill/Urban Village Brother From Another Mother,4.27
Half Acre Daisy Cutter,3.87
Harpoon IPA,3.15
Harpoon Octoberfest,3.69
Harpoon UFO White,4.25
Heavy Seas Loose Cannon IPA,4.4
Heineken,4.26
Heineken 0.0,4.07
Heineken Lager,3.6
Hermit Thrush Dark at 4:30,3.33
Hill Farmstead Shirley Mae: Sunrise Edition NITRO,3.39
Hof ten Dormaal Barbera,3.47
Hof Ten Dormaal Barrel Aged Project 2014 (Dark Ale) Port Charlotte,4.19
Hofbr√§u Original,3.91
Hofbrau Hefeweizen,3.51
Hofbrau Munchen Maibock,3.33
Hokkaido Melon Ale,3.76
Hoof Hearted RosÈ Gose,3.92
Hoppin' Frog Frog's Hollow Double Pumpkin Ale,3.51
Hopsecutioner,3.49
Horseheads Blueberry Ale,3.99
Hudson North Cider - Standard,3.8
Hudson Valley Feel No Way Light,3.52
Hudson Valley Kaizen,3.86
Hudson Valley Say No More,4.07
Hudson Valley Soleil-SIPA,3.75
Indian Ladder/Interboro Super Local,3.52
Industrial Arts Metric,3.41
Industrial Arts State Of The Art DDH Wheat Stout,3.94
Industrial Arts State Of The Art Pina Colada DIPA,4.04
Industrial Arts State Of The Art Wheat Lager,3.05
Industrial Arts Wrench IPA,3.67
"Industrial Arts YES FARMS, YES BEER",3.86
Interboro DDH Mad Fat Fluid IPA,4
Interboro Deep Cover,3.36
Interboro Diplo Hawk,3.69
Interboro Mad Fat Pride,3.73
Interboro Made You Look,3.48
Interboro Spirits & Ales All Together,3.63
Interboro Subatomic,3.4
Interboro X Thin Man Fortified Live,3.74
Interboro/Creature Comforts More Juice Than Zeus,4.04
Ithaca Apricot Wheat,3.59
Jack‚Äôs Abby Shipping Out Of Boston,3.76
Jack's Abby Blood Orange Wheat,3.55
Jack's Abby Copper Legend,3.5
Jack's Abby House Lager,3.5
Jack's Abby Mass Rising,3.55
Jack's Abby Modern Hell,3.6
Jack's Abby Red Tape,3.35
Jack's Abby Sunny Ridge,3.91
Jack's Abby Variety Pack,4.4
Jailbreak Mango Lassi Funk,3.66
Jailbreak This Is For The Hustlers,3.99
Jester King Cerveza Sin Frontera,3.81
Jolly Pumpkin Luci√©rnaga,4.26
Jolly Pumpkin Oro De Calabaza,3.51
KCBC Blocktopus,3.89
KCBC Dynamite Daredevils,3.83
KCBC Marble Of Doom V,3.77
KCBC Morbid Hour,4.12
KCBC Penguins In Hyperspace,3.44
KCBC Pure Idaho,3.42
KCBC Zed Lupulin,3.79
KCBC/Fifth Hammer More Trombone!,3.7
KCBC/Zagovor Super Wow,3.54
Keg & Lantern Dark Star,3.4
Kelso Nut Brown Lager,3.7
Kent Falls The Hollow,4.07
Key Positive Mental Attitude,3.87
Kills Boro - Birthday Munchies,3.58
Kills Boro - Island Vibes,3.35
Kills Boro - With Wild Abandon,3.6
Knee Deep Simtra Triple IPA,4.07
Kombrewcha Berry Hibiscus,3.53
Kona Longboard Lager,3.39
Kuka Belgian Wit with Apricot & Plums,3.59
Kulmbacher Eisbock,3.46
Lagunitas A Little Sumpin' Sumpin',4.22
Lagunitas Czech Style Pilsner,3.81
Lagunitas IPA,3.51
Lagunitas Sumpin' Easy,3.62
Lawson's Finest Liquids Double Sunshine IPA,3.24
Lawson's Finest Liquids The Space In Between Passionfruit,4.42
Lawson's Finest Sip of Sunshine,4.3
Lawson's Finest Super Session,4.4
Left Hand Introvert Session IPA,4.01
Left Hand Milk Stout Nitro,3.51
Leinenkugel's Summer Shandy,4.28
Lexington Kentucky Bourbon Barrel Ale,4.21
LIC Beer Project Sin And Soul,4
Lindeman's Framboise,4.21
Lindemans Kriek,4.29
Lindemans Peche Lambic,2.91
Lindners's Hazy N Juicy,4.14
Lion's Head Deluxe Pilsner,3.33
Lionshead IPA,3.59
Lock City Double Noggin Knocker,4.34
Long Trail Ale,3.41
Loose Cannon,3.59
Lord Hobo Angelica Hazy IPA,3.94
Lord Hobo Freebird,3.15
Lord Hobo Glorious,3.03
Lost Rhino Final Glide,3.07
Lucky Buddha,4.13
Maine Beer Co Lunch,3.58
Maine Beer Co. Peeper,3.79
Maine Thank You,4.06
Maine Woods and Waters,3.5
McKenzie's Black Cherry,3.64
McKenzie's Lazy Lemon Hard Cider,4.36
Menabrea Bionda,3.98
Meridian Hive Haven,4.32
Michelob Ultra,3.73
Midnight Sun Hop Dog Double Wheat IPA,4.21
Mikkeler SD Passion Pool,4.2
Mikkeller NYC Bumpin' This Thread,3.7
Mikkeller NYC Chop Shop,4.35
Mikkeller NYC Mikkellerita,3.63
Mikkeller NYC X Schaller & Weber Butcher Beer,3.9
Miles Davis' Bitches Brew,3.49
Miller High Life,2.36
Miller Lite,2.35
Mobtown Flight Test Simcoe V. Sabro,3.42
Modelo Especial,3.5
Modelo Negra,4.08
Modern Times Laser Rain,4.17
Montauk Arrowhead Irish Red Ale,3.55
Montauk Driftwood Ale,4.12
Montauk Pilsner,3.8
Montauk Summer Ale,4.29
Montauk Watermelon Session IPA,3.55
Montauk Wave Chaser,4.12
Montauk Wave Chaser India Pale Ale,4.26
Moretti La Rossa,4.29
Nap Time - Divination,3.28
Nap Time - Imaginary Views - Mango,4.24
Nap Time - Imaginary Views - Strawberry,4.05
Narragansett Del's Shandy,3.32
Narragansett Lager,3.39
Nebraska Brunette Nut Brown,4.37
Negra Modelo,3.52
New Belgium Fat Tire,3.44
New Belgium Fat Tire Amber Ale,3.68
New Belgium Voodoo Ranger IPA,3.34
New Day Meadery Re-Thinker,4.03
New Holland Dragon's Milk,3.64
Night Shift Brewing Buzz,4.43
Night Shift Hoot Hard Seltzer Raspberry Lime,3.59
Night Shift Lime Lite,3.85
Night Shift Nite Lite,3.88
NITRO,3.88
Nomikai Sparkling Ros√©,3.51
Non Sequitur All Together,3.7
Ocelot Collision,3.03
Ocelot Thought Control,4.02
Off Color Troublesome,3.87
Oh My Goodness,2.87
OLD OX FESTIVALE CHERRY BLOSSOM,3.7
Old Speckled Hen Nitro,3.52
Ommegang Abbey Ale,3.51
Ommegang Grains of Truth Ale,3.74
Ommegang Hennepin,4.11
Ommegang Witte Wheat,3.52
Omnipollo Aon Bourbon Barrel Aged,4.06
Organic Chocolate Stout,4
Original Sin Dry Rose Cider,4.03
Original Sin Pear Cider,3.58
Orval Trappist,4.04
Oskar Blues Barrel Aged Ten Fidy,3.86
Oskar Blues Dale's Pale Ale,3.88
Oskar Blues Death By Coconut,3.8
Oskar Blues G'Knight,3.33
Oskar Blues Mama's Little Yella Pils,3.51
Oskar Blues Ten Fidy,3.92
Other Half All Citra Everything,4
Other Half DDH Forever Ever,4.2
Other Half Forever Ever,4.3
Other Half Green City,4.27
Other Half Oh...,4.2
Other Half Superfun!,4.1
Other Half Triple Citra Daydream,4.36
Otter Creek Couch Surfer,3.46
Oxbow Farmhouse Pale Ale,3.42
Oxbow Luppolo,3.36
Pabst Blue Ribbon (PBR),3.55
Pabst National Bohemian,2.96
Paulaner Hefe-Weissbier Naturtr¸b,4.05
Paulaner Hefe-Weizen,3.01
Peak Organic Citrus Saison,3.53
Peak Organic Happy Hour,3.49
Peak Organic Highball Ginger Mule,3.76
Peak Organic Highball Grapefruit Paloma,3.42
Peak Organic IPA,3.38
Peekskill Simple Sour,3.51
Perennial Coffee Stout Varient,4.07
Perennial Purple Owen,3.83
Peroni Nastro Azzuro,3.41
Perpetual IPA,3.51
Pipeworks Pit Of Cherries,4.05
Point Nude Beach,3.63
Port City Essential Pale Ale,3.19
Port City Optimal Wit,3.18
Porterhouse Yippy IPA,3.54
Pranqster,3.67
Pretty Things Baby Tree,3.58
Pretty Things Jack D'Or,4.39
Public Access Suspended Disbelief,3.91
Purple Haze,3.5
Radeberger Pilsner,4.23
Radiant Pig Junior IPA,3.8
Radiant Pig Save the Robots IPA,4.14
Red Stripe,3.51
RedHook Long Hammer,3.18
Right Proper Li'l Wit,4.22
Rochefort 10,3.13
Rogue American Amber,3.6
Rogue Dead Guy,3.71
Rogue Sriracha Stout,3.9
"Rogue Voodoo Doughnut Pretzel, Raspberry & Chocolate Ale",4.33
Root + Branch Compulsory Miseducation II,3.35
Ross Navesink IPA,3.36
Rothaus Tannenz‰pfle,4.32
R¸bÊus,3.59
Rumors And Spells,3.53
Rushing Duck Baby Elephant IPA,3.38
Saison Dupont Vielle Provision,3.52
Sam Adams Boston Lager,4.16
Sam Adams Sam '76,3.23
Sam Adams Winter Lager,3.6
Samuel Adams Latitude 48 IPA,3.53
Samuel Adams Noble Pils,3.59
Samuel Adams Old Fezziwig Ale,3.54
Samuel Smith Oatmeal Stout,3.67
Samuel Smith's Organic Chocolate Stout,3.18
Samuel Smith's Organic Nut Brown Ale,3.81
Schilling Combover,4.09
Schneider Aventinus,4.35
Schneider Weisse Original,3.72
Schofferhofer Grapefruit Hefeweizen,3.46
Shock Top Belgian White,3.85
Short Throw Low Brow Nobility,2.94
Sierra Nevada 40 Years Hoppy Anniversary Ale,3.95
Sierra Nevada Hazy Little Thing,4.06
Sierra Nevada Pale Ale,4.15
Sierra Nevada Porter,3.32
Sierra Nevada Torpedo,3.48
Silver Branch Coffee Chronicle,3.6
Silver Branch Deus Ex Machina,3.27
Silver Branch Doomsday Chronicle,3.38
Silver Branch Glass Castle,3.04
Silver Branch King's Ransom,4.08
Silver Branch Squeegee Master,3.68
SingleCut 18 Watt,3.56
Singlecut All In All Is All Maibock,4.1
SingleCut Eric More Cowbell! Nitro,3.9
SingleCut Flatter Flatter Flatter Flatter Flatter Flatter Flatter 2x DH IPA,4.27
SingleCut Flatter x7,4.1
SingleCut J√•n Alpine White Lager,3.9
SingleCut Mastery Knows No Shortcut,4.2
SingleCut Plaintop,4.4
SingleCut Weird & Gilly,4
Sixpoint Bengali,3.9
Sixpoint Double Oaked Master Blend: Jameson Edition,3.63
Sixpoint Jammer,3.67
Sixpoint Sweet Action,3.92
Sixpoint The Crisp Pilz,3.95
Sloop Cloud Jumper,3.83
Sloop Disco Blastoff,3.39
Sloop Forever Rotating IPA,3.5
Sloop Hospitality Relief Bomb,4.01
Sloop Juice Bomb,4.2
Sloop Pilsner,3.72
Sloop Super Soft,4.03
Sly Fox Helles Golden Lager,4.17
Solace Lucy Juicy,4.12
Southern Tier Mango Crush Session Sour,4.39
Speakeasy Butchertown India Black Ale,3.77
Spotted Cow,3.74
Springdale Razzurected,3.84
Stella Artois,3.46
Stiegl Radler,3.09
Stillwater Mono Pilsener,4.34
Stout,3.6
SweetWater 420 Extra Pale Ale,3.34
Swiftwater Coffee Stout,3.88
Taiwan Beer,3.58
Talea Brightside,4.21
TALEA Secret Password,3.87
Tecate,3.89
"THE HUNTRESS ""Amber Lager""",3.26
"THE HUNTRESS ""American Pale Ale""",3.54
"THE HUNTRESS ""American Stout""",4.16
"THE HUNTRESS ""Belgian Tripel""",3.48
"The Huntress ""Brut Pilsner""",3.73
"THE HUNTRESS ""Double Witbier""",3.5
"THE HUNTRESS ""Farmhouse Saison""",3.64
"THE HUNTRESS ""India Pale Ale""",3.62
"THE HUNTRESS ""Irish Red Ale""",3.34
"The Huntress ""Notorious LIC""",3.76
"The Huntress ""Strawberry Sour""",3.5
The Huntress ‚ÄúRose Cider‚Äù,3.38
Thin Man Diplomatic Immunity,3.39
Thin Man Petit Amour,3.59
Third Rail Field 2 Farmhouse Ale,4.07
Threes Bad Faith,3.43
Threes Eternal Return: Ros√©,4.04
Threes Logical Conclusion,3.6
Threes Vliet Pilsner,3.85
Torch & Crown DFM2,3.79
Torch & Crown Habitual Line Stepper,3.79
Transmitter G3 Golden Ale,4.37
Transmitter L1 Pilsner,3.35
Transmitter L2 Vienna Lager,4.1
Transmitter PH7 Nectarine Sour,3.8
Trinity TableB(ear),3.1
Triple Crossing Falcon Smash,3.17
Troegs Mad Elf,3.68
Troeg's Perpetual IPA,4.13
True Respite Tart Cherry,4.07
Truly Pineapple,4.3
Truly Spiked and Sparkling Variety Citrus,3.55
Two Brothers Prairie Path,4.11
Two Roads Igor's Dream,3.26
Two Roads Roadsmary's Other Baby,3.51
Unibroue La Fin Du Monde,4.3
Unibroue Maudite,3.8
Unibroue Trois Pistoles,3.75
Union Craft Divine,3.31
Vanish Brewing Ghost Fleet,3.3
Victory Golden Monkey,3.07
Victory HopDevil,3.13
Victory Prima Pils,3.72
Victory Sour Monkey,3.82
Vitus,3.41
Weihenstephaner Hefeweissbier,3.59
Weinhenstephaner Hefeweissbier,3.61
West Kill Sunshine Valley,3.73
Westbrook Gose,3.08
Westbrook Mexican Cake,3.75
Westmalle Tripel,3.17
White Claw Black Cherry,0
White Claw Hard Seltzer Black Cherry,0
White Claw Hard Seltzer Variety Pack,0
White Claw Mango,0
White Claw Natural Lime,0
White Claw Raspberry,0
White Claw Ruby Grapefruit,0
Wolffer Dry Ros√© Cider,3.96
Yuengling Hershey Chocolate Porter,3.98
Yuengling Lager,4.42
Yuengling Traditional Lager,3.76
